-- Insert roles (admin, customer)
INSERT INTO roles (role_name) VALUES ('admin');
INSERT INTO roles (role_name) VALUES ('customer');

-- Insert admin users
INSERT INTO users (username, email, password, role_id) 
VALUES 
    ('admin1', 'admin1@example.com', '{bcrypt}$2y$10$Pg8Vxn560H2/nJl9DrTveuRyVGsmOzPnaKC3UXu1xbCpQh87PE6d6', 1), 
    ('admin2', 'admin2@example.com', '{bcrypt}$2y$10$Pg8Vxn560H2/nJl9DrTveuRyVGsmOzPnaKC3UXu1xbCpQh87PE6d6', 1), 
    ('admin3', 'admin3@example.com', '{bcrypt}$2y$10$Pg8Vxn560H2/nJl9DrTveuRyVGsmOzPnaKC3UXu1xbCpQh87PE6d6', 1);

-- Insert customer users
INSERT INTO users (username, email, password, role_id) 
VALUES 
    ('customer1', 'customer1@example.com', '{bcrypt}$2y$10$Ng5.Up8JB4R6w7AirThSGOX8NwIJMXwae68Pge0ogg/UnxF5dtaFW', 2),
    ('customer2', 'customer2@example.com', '{bcrypt}$2y$10$Ng5.Up8JB4R6w7AirThSGOX8NwIJMXwae68Pge0ogg/UnxF5dtaFW', 2),
    ('customer3', 'customer3@example.com', '{bcrypt}$2y$10$Ng5.Up8JB4R6w7AirThSGOX8NwIJMXwae68Pge0ogg/UnxF5dtaFW', 2),
    ('customer4', 'customer4@example.com', '{bcrypt}$2y$10$Ng5.Up8JB4R6w7AirThSGOX8NwIJMXwae68Pge0ogg/UnxF5dtaFW', 2),
    ('customer5', 'customer5@example.com', '{bcrypt}$2y$10$Ng5.Up8JB4R6w7AirThSGOX8NwIJMXwae68Pge0ogg/UnxF5dtaFW', 2),
    ('customer6', 'customer6@example.com', '{bcrypt}$2y$10$Ng5.Up8JB4R6w7AirThSGOX8NwIJMXwae68Pge0ogg/UnxF5dtaFW', 2),
    ('customer7', 'customer7@example.com', '{bcrypt}$2y$10$Ng5.Up8JB4R6w7AirThSGOX8NwIJMXwae68Pge0ogg/UnxF5dtaFW', 2),
    ('customer8', 'customer8@example.com', '{bcrypt}$2y$10$Ng5.Up8JB4R6w7AirThSGOX8NwIJMXwae68Pge0ogg/UnxF5dtaFW', 2),
    ('customer9', 'customer9@example.com', '{bcrypt}$2y$10$Ng5.Up8JB4R6w7AirThSGOX8NwIJMXwae68Pge0ogg/UnxF5dtaFW', 2),
    ('customer10', 'customer10@example.com', '{bcrypt}$2y$10$Ng5.Up8JB4R6w7AirThSGOX8NwIJMXwae68Pge0ogg/UnxF5dtaFW', 2),
    ('customer11', 'customer11@example.com', '{bcrypt}$2y$10$Ng5.Up8JB4R6w7AirThSGOX8NwIJMXwae68Pge0ogg/UnxF5dtaFW', 2),
    ('customer12', 'customer12@example.com', '{bcrypt}$2y$10$Ng5.Up8JB4R6w7AirThSGOX8NwIJMXwae68Pge0ogg/UnxF5dtaFW', 2),
    ('customer13', 'customer13@example.com', '{bcrypt}$2y$10$Ng5.Up8JB4R6w7AirThSGOX8NwIJMXwae68Pge0ogg/UnxF5dtaFW', 2),
    ('customer14', 'customer14@example.com', '{bcrypt}$2y$10$Ng5.Up8JB4R6w7AirThSGOX8NwIJMXwae68Pge0ogg/UnxF5dtaFW', 2),
    ('customer15', 'customer15@example.com', '{bcrypt}$2y$10$Ng5.Up8JB4R6w7AirThSGOX8NwIJMXwae68Pge0ogg/UnxF5dtaFW', 2),
    ('customer16', 'customer16@example.com', '{bcrypt}$2y$10$Ng5.Up8JB4R6w7AirThSGOX8NwIJMXwae68Pge0ogg/UnxF5dtaFW', 2),
    ('customer17', 'customer17@example.com', '{bcrypt}$2y$10$Ng5.Up8JB4R6w7AirThSGOX8NwIJMXwae68Pge0ogg/UnxF5dtaFW', 2),
    ('customer18', 'customer18@example.com', '{bcrypt}$2y$10$Ng5.Up8JB4R6w7AirThSGOX8NwIJMXwae68Pge0ogg/UnxF5dtaFW', 2),
    ('customer19', 'customer19@example.com', '{bcrypt}$2y$10$Ng5.Up8JB4R6w7AirThSGOX8NwIJMXwae68Pge0ogg/UnxF5dtaFW', 2),
    ('customer20', 'customer20@example.com', '{bcrypt}$2y$10$Ng5.Up8JB4R6w7AirThSGOX8NwIJMXwae68Pge0ogg/UnxF5dtaFW', 2),
    ('customer21', 'customer21@example.com', '{bcrypt}$2y$10$Ng5.Up8JB4R6w7AirThSGOX8NwIJMXwae68Pge0ogg/UnxF5dtaFW', 2),
    ('customer22', 'customer22@example.com', '{bcrypt}$2y$10$Ng5.Up8JB4R6w7AirThSGOX8NwIJMXwae68Pge0ogg/UnxF5dtaFW', 2),
    ('customer23', 'customer23@example.com', '{bcrypt}$2y$10$Ng5.Up8JB4R6w7AirThSGOX8NwIJMXwae68Pge0ogg/UnxF5dtaFW', 2),
    ('customer24', 'customer24@example.com', '{bcrypt}$2y$10$Ng5.Up8JB4R6w7AirThSGOX8NwIJMXwae68Pge0ogg/UnxF5dtaFW', 2),
    ('customer25', 'customer25@example.com', '{bcrypt}$2y$10$Ng5.Up8JB4R6w7AirThSGOX8NwIJMXwae68Pge0ogg/UnxF5dtaFW', 2),
    ('customer26', 'customer26@example.com', '{bcrypt}$2y$10$Ng5.Up8JB4R6w7AirThSGOX8NwIJMXwae68Pge0ogg/UnxF5dtaFW', 2),
    ('customer27', 'customer27@example.com', '{bcrypt}$2y$10$Ng5.Up8JB4R6w7AirThSGOX8NwIJMXwae68Pge0ogg/UnxF5dtaFW', 2),
    ('customer28', 'customer28@example.com', '{bcrypt}$2y$10$Ng5.Up8JB4R6w7AirThSGOX8NwIJMXwae68Pge0ogg/UnxF5dtaFW', 2),
    ('customer29', 'customer29@example.com', '{bcrypt}$2y$10$Ng5.Up8JB4R6w7AirThSGOX8NwIJMXwae68Pge0ogg/UnxF5dtaFW', 2),
    ('customer30', 'customer30@example.com', '{bcrypt}$2y$10$Ng5.Up8JB4R6w7AirThSGOX8NwIJMXwae68Pge0ogg/UnxF5dtaFW', 2),
    ('customer31', 'customer31@example.com', '{bcrypt}$2y$10$Ng5.Up8JB4R6w7AirThSGOX8NwIJMXwae68Pge0ogg/UnxF5dtaFW', 2),
    ('customer32', 'customer32@example.com', '{bcrypt}$2y$10$Ng5.Up8JB4R6w7AirThSGOX8NwIJMXwae68Pge0ogg/UnxF5dtaFW', 2),
    ('customer33', 'customer33@example.com', '{bcrypt}$2y$10$Ng5.Up8JB4R6w7AirThSGOX8NwIJMXwae68Pge0ogg/UnxF5dtaFW', 2),
    ('customer34', 'customer34@example.com', '{bcrypt}$2y$10$Ng5.Up8JB4R6w7AirThSGOX8NwIJMXwae68Pge0ogg/UnxF5dtaFW', 2),
    ('customer35', 'customer35@example.com', '{bcrypt}$2y$10$Ng5.Up8JB4R6w7AirThSGOX8NwIJMXwae68Pge0ogg/UnxF5dtaFW', 2),
    ('customer36', 'customer36@example.com', '{bcrypt}$2y$10$Ng5.Up8JB4R6w7AirThSGOX8NwIJMXwae68Pge0ogg/UnxF5dtaFW', 2),
    ('customer37', 'customer37@example.com', '{bcrypt}$2y$10$Ng5.Up8JB4R6w7AirThSGOX8NwIJMXwae68Pge0ogg/UnxF5dtaFW', 2),
    ('customer38', 'customer38@example.com', '{bcrypt}$2y$10$Ng5.Up8JB4R6w7AirThSGOX8NwIJMXwae68Pge0ogg/UnxF5dtaFW', 2),
    ('customer39', 'customer39@example.com', '{bcrypt}$2y$10$Ng5.Up8JB4R6w7AirThSGOX8NwIJMXwae68Pge0ogg/UnxF5dtaFW', 2),
    ('customer40', 'customer40@example.com', '{bcrypt}$2y$10$Ng5.Up8JB4R6w7AirThSGOX8NwIJMXwae68Pge0ogg/UnxF5dtaFW', 2),
    ('customer41', 'customer41@example.com', '{bcrypt}$2y$10$Ng5.Up8JB4R6w7AirThSGOX8NwIJMXwae68Pge0ogg/UnxF5dtaFW', 2),
    ('customer42', 'customer42@example.com', '{bcrypt}$2y$10$Ng5.Up8JB4R6w7AirThSGOX8NwIJMXwae68Pge0ogg/UnxF5dtaFW', 2),
    ('customer43', 'customer43@example.com', '{bcrypt}$2y$10$Ng5.Up8JB4R6w7AirThSGOX8NwIJMXwae68Pge0ogg/UnxF5dtaFW', 2),
    ('customer44', 'customer44@example.com', '{bcrypt}$2y$10$Ng5.Up8JB4R6w7AirThSGOX8NwIJMXwae68Pge0ogg/UnxF5dtaFW', 2),
    ('customer45', 'customer45@example.com', '{bcrypt}$2y$10$Ng5.Up8JB4R6w7AirThSGOX8NwIJMXwae68Pge0ogg/UnxF5dtaFW', 2),
    ('customer46', 'customer46@example.com', '{bcrypt}$2y$10$Ng5.Up8JB4R6w7AirThSGOX8NwIJMXwae68Pge0ogg/UnxF5dtaFW', 2),
    ('customer47', 'customer47@example.com', '{bcrypt}$2y$10$Ng5.Up8JB4R6w7AirThSGOX8NwIJMXwae68Pge0ogg/UnxF5dtaFW', 2),
    ('customer48', 'customer48@example.com', '{bcrypt}$2y$10$Ng5.Up8JB4R6w7AirThSGOX8NwIJMXwae68Pge0ogg/UnxF5dtaFW', 2),
    ('customer49', 'customer49@example.com', '{bcrypt}$2y$10$Ng5.Up8JB4R6w7AirThSGOX8NwIJMXwae68Pge0ogg/UnxF5dtaFW', 2),
    ('customer50', 'customer50@example.com', '{bcrypt}$2y$10$Ng5.Up8JB4R6w7AirThSGOX8NwIJMXwae68Pge0ogg/UnxF5dtaFW', 2);

-- Insert customer profiles
INSERT INTO customers (user_id, first_name, last_name, phone_number, avatar) 
VALUES 
    (4, 'John', 'Doe', '0123456789', 'avatar1.jpg'),
    (5, 'Jane', 'Smith', '0123456790', 'avatar2.jpg'),
    (6, 'Alice', 'Johnson', '0123456791', 'avatar3.jpg'),
    (7, 'Michael', 'Williams', '0123456792', 'avatar4.jpg'),
    (8, 'Sarah', 'Miller', '0123456793', 'avatar5.jpg'),
    (9, 'David', 'Davis', '0123456794', 'avatar6.jpg'),
    (10, 'Mary', 'Garcia', '0123456795', 'avatar7.jpg'),
    (11, 'James', 'Rodriguez', '0123456796', 'avatar8.jpg'),
    (12, 'Emily', 'Martinez', '0123456797', 'avatar9.jpg'),
    (13, 'Daniel', 'Hernandez', '0123456798', 'avatar10.jpg'),
    (14, 'Laura', 'Lopez', '0123456799', 'avatar11.jpg'),
    (15, 'Robert', 'Gonzalez', '0123456800', 'avatar12.jpg'),
    (16, 'Linda', 'Wilson', '0123456801', 'avatar13.jpg'),
    (17, 'William', 'Anderson', '0123456802', 'avatar14.jpg'),
    (18, 'Karen', 'Thomas', '0123456803', 'avatar15.jpg'),
    (19, 'Joseph', 'Taylor', '0123456804', 'avatar16.jpg'),
    (20, 'Nancy', 'Moore', '0123456805', 'avatar17.jpg'),
    (21, 'Charles', 'Jackson', '0123456806', 'avatar18.jpg'),
    (22, 'Patricia', 'Martin', '0123456807', 'avatar19.jpg'),
    (23, 'Thomas', 'Lee', '0123456808', 'avatar20.jpg'),
    (24, 'Dorothy', 'Perez', '0123456809', 'avatar21.jpg'),
    (25, 'Christopher', 'White', '0123456810', 'avatar22.jpg'),
    (26, 'Betty', 'Harris', '0123456811', 'avatar23.jpg'),
    (27, 'Steven', 'Clark', '0123456812', 'avatar24.jpg'),
    (28, 'Susan', 'Lewis', '0123456813', 'avatar25.jpg'),
    (29, 'George', 'Young', '0123456814', 'avatar26.jpg'),
    (30, 'Elizabeth', 'Allen', '0123456815', 'avatar27.jpg'),
    (31, 'Kenneth', 'King', '0123456816', 'avatar28.jpg'),
    (32, 'Jessica', 'Scott', '0123456817', 'avatar29.jpg'),
    (33, 'Frank', 'Green', '0123456818', 'avatar30.jpg'),
    (34, 'Sharon', 'Baker', '0123456819', 'avatar31.jpg'),
    (35, 'Paul', 'Nelson', '0123456820', 'avatar32.jpg'),
    (36, 'Martha', 'Carter', '0123456821', 'avatar33.jpg'),
    (37, 'Andrew', 'Mitchell', '0123456822', 'avatar34.jpg'),
    (38, 'Helen', 'Roberts', '0123456823', 'avatar35.jpg'),
    (39, 'Ruth', 'Evans', '0123456824', 'avatar36.jpg'),
    (40, 'Donald', 'Gonzales', '0123456825', 'avatar37.jpg'),
    (41, 'Anna', 'Martinez', '0123456826', 'avatar38.jpg'),
    (42, 'Jack', 'Young', '0123456827', 'avatar39.jpg'),
    (43, 'Nancy', 'Allen', '0123456828', 'avatar40.jpg'),
    (44, 'Walter', 'Clark', '0123456829', 'avatar41.jpg'),
    (45, 'Sandra', 'Lopez', '0123456830', 'avatar42.jpg'),
    (46, 'George', 'Hill', '0123456831', 'avatar43.jpg'),
    (47, 'Carol', 'Adams', '0123456832', 'avatar44.jpg'),
    (48, 'Benjamin', 'Baker', '0123456833', 'avatar45.jpg'),
    (49, 'Margaret', 'Nelson', '0123456834', 'avatar46.jpg'),
    (50, 'Raymond', 'Wright', '0123456835', 'avatar47.jpg'),
    (51, 'Alice', 'Parker', '0123456836', 'avatar48.jpg'),
    (52, 'Harry', 'Collins', '0123456837', 'avatar49.jpg'),
    (53, 'Elizabeth', 'Carter', '0123456838', 'avatar50.jpg');

-- Insert addresses for customers 1 to 50
INSERT INTO addresses (customer_id, unit_number, street_number, street_name, ward_name, district_name, city_province, postal_code, country) 
VALUES 
    (1, '101', 1, 'Main Street', 'Ward 1', 'District 1', 'Hanoi', '100000', 'Vietnam'),
    (2, '102', 2, 'Baker Street', 'Ward 2', 'District 1', 'Hanoi', '100001', 'Vietnam'),
    (3, '103', 3, 'Elm Street', 'Ward 3', 'District 2', 'Hanoi', '100002', 'Vietnam'),
    (4, '104', 4, 'Pine Avenue', 'Ward 1', 'District 3', 'Hanoi', '100003', 'Vietnam'),
    (5, '105', 5, 'Maple Road', 'Ward 4', 'District 2', 'Hanoi', '100004', 'Vietnam'),
    (6, '106', 6, 'Oak Boulevard', 'Ward 5', 'District 4', 'Hanoi', '100005', 'Vietnam'),
    (7, '107', 7, 'Cedar Lane', 'Ward 6', 'District 1', 'Hanoi', '100006', 'Vietnam'),
    (8, '108', 8, 'Birch Street', 'Ward 7', 'District 3', 'Hanoi', '100007', 'Vietnam'),
    (9, '109', 9, 'Cherry Street', 'Ward 8', 'District 5', 'Hanoi', '100008', 'Vietnam'),
    (10, '110', 10, 'Willow Road', 'Ward 9', 'District 6', 'Hanoi', '100009', 'Vietnam'),
    (11, '111', 11, 'Ash Avenue', 'Ward 10', 'District 1', 'Hanoi', '100010', 'Vietnam'),
    (12, '112', 12, 'Cypress Boulevard', 'Ward 11', 'District 2', 'Hanoi', '100011', 'Vietnam'),
    (13, '113', 13, 'Redwood Lane', 'Ward 12', 'District 3', 'Hanoi', '100012', 'Vietnam'),
    (14, '114', 14, 'Sequoia Road', 'Ward 13', 'District 4', 'Hanoi', '100013', 'Vietnam'),
    (15, '115', 15, 'Spruce Street', 'Ward 14', 'District 5', 'Hanoi', '100014', 'Vietnam'),
    (16, '116', 16, 'Fir Road', 'Ward 15', 'District 6', 'Hanoi', '100015', 'Vietnam'),
    (17, '117', 17, 'Juniper Lane', 'Ward 16', 'District 1', 'Hanoi', '100016', 'Vietnam'),
    (18, '118', 18, 'Hickory Avenue', 'Ward 17', 'District 2', 'Hanoi', '100017', 'Vietnam'),
    (19, '119', 19, 'Mahogany Street', 'Ward 18', 'District 3', 'Hanoi', '100018', 'Vietnam'),
    (20, '120', 20, 'Teak Road', 'Ward 19', 'District 4', 'Hanoi', '100019', 'Vietnam'),
    (21, '121', 21, 'Chestnut Boulevard', 'Ward 20', 'District 5', 'Hanoi', '100020', 'Vietnam'),
    (22, '122', 22, 'Acacia Lane', 'Ward 21', 'District 6', 'Hanoi', '100021', 'Vietnam'),
    (23, '123', 23, 'Eucalyptus Street', 'Ward 22', 'District 1', 'Hanoi', '100022', 'Vietnam'),
    (24, '124', 24, 'Palm Avenue', 'Ward 23', 'District 2', 'Hanoi', '100023', 'Vietnam'),
    (25, '125', 25, 'Alder Road', 'Ward 24', 'District 3', 'Hanoi', '100024', 'Vietnam'),
    (26, '126', 26, 'Olive Street', 'Ward 25', 'District 4', 'Hanoi', '100025', 'Vietnam'),
    (27, '127', 27, 'Bamboo Lane', 'Ward 26', 'District 5', 'Hanoi', '100026', 'Vietnam'),
    (28, '128', 28, 'Linden Road', 'Ward 27', 'District 6', 'Hanoi', '100027', 'Vietnam'),
    (29, '129', 29, 'Elm Avenue', 'Ward 28', 'District 1', 'Hanoi', '100028', 'Vietnam'),
    (30, '130', 30, 'Sandalwood Street', 'Ward 29', 'District 2', 'Hanoi', '100029', 'Vietnam'),
    (31, '131', 31, 'Rosewood Road', 'Ward 30', 'District 3', 'Hanoi', '100030', 'Vietnam'),
    (32, '132', 32, 'Ivy Lane', 'Ward 31', 'District 4', 'Hanoi', '100031', 'Vietnam'),
    (33, '133', 33, 'Clementine Boulevard', 'Ward 32', 'District 5', 'Hanoi', '100032', 'Vietnam'),
    (34, '134', 34, 'Magnolia Street', 'Ward 33', 'District 6', 'Hanoi', '100033', 'Vietnam'),
    (35, '135', 35, 'Honeysuckle Avenue', 'Ward 34', 'District 1', 'Hanoi', '100034', 'Vietnam'),
    (36, '136', 36, 'Jasmine Road', 'Ward 35', 'District 2', 'Hanoi', '100035', 'Vietnam'),
    (37, '137', 37, 'Daffodil Lane', 'Ward 36', 'District 3', 'Hanoi', '100036', 'Vietnam'),
    (38, '138', 38, 'Lavender Street', 'Ward 37', 'District 4', 'Hanoi', '100037', 'Vietnam'),
    (39, '139', 39, 'Sunflower Road', 'Ward 38', 'District 5', 'Hanoi', '100038', 'Vietnam'),
    (40, '140', 40, 'Tulip Boulevard', 'Ward 39', 'District 6', 'Hanoi', '100039', 'Vietnam'),
    (41, '141', 41, 'Orchid Lane', 'Ward 40', 'District 1', 'Hanoi', '100040', 'Vietnam'),
    (42, '142', 42, 'Lilac Avenue', 'Ward 41', 'District 2', 'Hanoi', '100041', 'Vietnam'),
    (43, '143', 43, 'Petunia Road', 'Ward 42', 'District 3', 'Hanoi', '100042', 'Vietnam'),
    (44, '144', 44, 'Violet Street', 'Ward 43', 'District 4', 'Hanoi', '100043', 'Vietnam'),
    (45, '145', 45, 'Heather Lane', 'Ward 44', 'District 5', 'Hanoi', '100044', 'Vietnam'),
    (46, '146', 46, 'Fuchsia Boulevard', 'Ward 45', 'District 6', 'Hanoi', '100045', 'Vietnam'),
    (47, '147', 47, 'Poppy Road', 'Ward 46', 'District 1', 'Hanoi', '100046', 'Vietnam'),
    (48, '148', 48, 'Hibiscus Avenue', 'Ward 47', 'District 2', 'Hanoi', '100047', 'Vietnam'),
    (49, '149', 49, 'Chrysanthemum Street', 'Ward 48', 'District 3', 'Hanoi', '100048', 'Vietnam'),
    (50, '150', 50, 'Geranium Road', 'Ward 49', 'District 4', 'Hanoi', '100049', 'Vietnam');


INSERT INTO categories (category_name, category_description, created_at, updated_at) VALUES
('Flowers', 'A wide range of flowers for gardens, decoration, and gifting', NOW(), NOW()),
('Vegetables', 'Fresh vegetables for home gardening and cooking', NOW(), NOW()),
('Fruits', 'Delicious fruits for planting or harvesting in your garden', NOW(), NOW());

INSERT INTO sub_categories (category_id, sub_category_name, sub_category_description, created_at, updated_at) VALUES
(1, 'Indoor Flowers', 'Beautiful flowers for indoor decoration', NOW(), NOW()),
(1, 'Outdoor Flowers', 'Flowers for garden planting and outdoor decoration', NOW(), NOW()),
(2, 'Leafy Vegetables', 'Leafy greens such as lettuce, spinach, kale, etc.', NOW(), NOW()),
(2, 'Root Vegetables', 'Root vegetables like carrots, potatoes, onions, etc.', NOW(), NOW()),
(3, 'Citrus Fruits', 'Fruits like oranges, lemons, limes, etc.', NOW(), NOW()),
(3, 'Berry Fruits', 'Berries like strawberries, blueberries, raspberries, etc.', NOW(), NOW());

INSERT INTO products (product_name, product_description, product_price, average_rating, quantity, rating_count, sub_category_id, product_status, created_at, updated_at) VALUES
('Indoor Orchid', 'A beautiful indoor orchid, perfect for home decor or as a gift. Requires minimal sunlight.', 19.99, 4.5, 100, 120, 1, 1, NOW(), NOW()),
('Rose Bouquet', 'A bouquet of fresh roses, ideal for gifts, decoration, or special occasions.', 29.99, 4.7, 50, 85, 2, 1, NOW(), NOW()),
('Lettuce Plant', 'A fresh and healthy lettuce plant for your indoor garden.', 9.99, 4.2, 200, 150, 3, 1, NOW(), NOW()),
('Carrot Seeds', 'Pack of organic carrot seeds for home gardening.', 4.99, 4.8, 500, 300, 4, 1, NOW(), NOW()),
('Orange Tree', 'A small citrus orange tree, perfect for home gardening.', 39.99, 4.3, 30, 50, 5, 1, NOW(), NOW()),
('Blueberry Bush', 'A compact blueberry bush for growing delicious berries in your garden.', 24.99, 4.6, 70, 120, 6, 1, NOW(), NOW());

INSERT INTO product_images (product_id, image_url, is_main_image, created_at, updated_at) VALUES
(1, 'https://example.com/images/indoor_orchid_main.jpg', 1, NOW(), NOW()),
(1, 'https://example.com/images/indoor_orchid_2.jpg', 0, NOW(), NOW()),
(2, 'https://example.com/images/rose_bouquet_main.jpg', 1, NOW(), NOW()),
(2, 'https://example.com/images/rose_bouquet_2.jpg', 0, NOW(), NOW()),
(3, 'https://example.com/images/lettuce_plant_main.jpg', 1, NOW(), NOW()),
(3, 'https://example.com/images/lettuce_plant_2.jpg', 0, NOW(), NOW()),
(4, 'https://example.com/images/carrot_seeds_main.jpg', 1, NOW(), NOW()),
(4, 'https://example.com/images/carrot_seeds_2.jpg', 0, NOW(), NOW()),
(5, 'https://example.com/images/orange_tree_main.jpg', 1, NOW(), NOW()),
(5, 'https://example.com/images/orange_tree_2.jpg', 0, NOW(), NOW()),
(6, 'https://example.com/images/blueberry_bush_main.jpg', 1, NOW(), NOW()),
(6, 'https://example.com/images/blueberry_bush_2.jpg', 0, NOW(), NOW());

